G,D,cycle,identity
1.3003545105457306,0.17639342322945595,0.5090296119451523,0.5321556478738785
