G,D,cycle,identity
1.811998963356018,0.5604469403624535,0.5708684772253036,0.5702514499425888
